{
  "failure_type": null,
  "oracle_runtime_ms": 0.0,
  "oracle_voltages": [
    -0.08539260178804398,
    -0.04692890867590904,
    -0.03929220512509346,
    -0.1820445954799652,
    0.09870588034391403
  ],
  "projected_voltages": [
    -0.08539260178804398,
    -0.04692890867590904,
    -0.03929220512509346,
    -0.1820445954799652,
    0.09870588034391403
  ],
  "projection_runtime_ms": 0.515068,
  "surrogate_runtime_ms": 0.026151,
  "surrogate_voltages": [
    -0.055953968316316605,
    -0.05486238747835159,
    -0.04934899881482124,
    -0.15187278389930725,
    0.08249042183160782
  ],
  "task_fingerprint": "ls-862376d0b8eec3e6-1c2fbecc93bfe082",
  "task_id": "smoke_42_0002",
  "total_runtime_ms": 0.541219
}