{
  "failure_type": null,
  "oracle_runtime_ms": 0.0,
  "oracle_voltages": [
    -0.02799692191183567,
    0.09788049012422562,
    0.08869986981153488,
    -0.2013119012117386,
    -0.014357578940689564,
    -0.09357085078954697
  ],
  "projected_voltages": [
    -0.02799692191183567,
    0.09788049012422562,
    0.08869986981153488,
    -0.2013119012117386,
    -0.014357578940689564,
    -0.09357085078954697
  ],
  "projection_runtime_ms": 0.507419,
  "surrogate_runtime_ms": 0.0462,
  "surrogate_voltages": [
    0.00746340025216341,
    0.040142741054296494,
    0.06021725758910179,
    -0.18785564601421356,
    -0.03946923837065697,
    -0.0736609399318695
  ],
  "task_fingerprint": "ls-aaa134cb63f7fbea-d4850332d1c5687e",
  "task_id": "smoke_42_0001",
  "total_runtime_ms": 0.553619
}